{
  "sheets": [
    {
      "id": "array-strings",
      "name": "Array & Strings",
      "description": "Fundamental array and string operations",
      "sections": [
        {
          "id": "basic-operations",
          "name": "Basic Operations",
          "subsections": [
            {
              "id": "traversal-search",
              "name": "Traversal & Search",
              "problems": [
                {
                  "id": "linear-search",
                  "title": "Linear Search",
                  "practiceLink": "https://leetcode.com/problems/search-insert-position/",
                  "platform": "LeetCode",
                  "youtubeLink": "https://www.youtube.com/watch?v=EhMoCH_bDbE",
                  "notesLink": "https://drive.google.com/file/d/example1",
                  "difficulty": "Easy"
                },
                {
                  "id": "binary-search",
                  "title": "Binary Search",
                  "practiceLink": "https://leetcode.com/problems/binary-search/",
                  "platform": "LeetCode",
                  "youtubeLink": "https://www.youtube.com/watch?v=s4DPM8ct1pI",
                  "notesLink": "https://drive.google.com/file/d/example2",
                  "difficulty": "Medium"
                }
              ]
            }
          ]
        }
      ]
    },
    {
      "id": "linked-lists",
      "name": "Linked Lists",
      "description": "Linear data structure operations",
      "sections": [
        {
          "id": "basic-ll",
          "name": "Basic Linked List",
          "subsections": [
            {
              "id": "insertion-deletion",
              "name": "Insertion & Deletion",
              "problems": [
                {
                  "id": "insert-node",
                  "title": "Insert Node at Beginning",
                  "practiceLink": "https://www.geeksforgeeks.org/linked-list-set-2-inserting-a-node/",
                  "platform": "GeeksforGeeks",
                  "youtubeLink": "https://www.youtube.com/watch?v=vcQIFT79_50",
                  "notesLink": "https://drive.google.com/file/d/example3",
                  "difficulty": "Easy"
                }
              ]
            }
          ]
        }
      ]
    }
  ]
}
